{
    "information": {
        "Dev": "Losss",
        "Contact": "+62 895-3388-90693",
        "Desc": "Playing Minecraft in WhatsApp",
        "Support": "Java(crack)",
        "Region_server": "Singapore"
    },
    "List Command": 
    [
        {
            "name": "/menu",
            "permission": "member",
            "desc": "mengirimkan daftar fitur atau menu fitur yang bisa digunakan",
            "status": true,
            "example": "/menu"
        },
        {
            "name": "/setip <ip_server>",
            "permission": "member",
            "desc": "Mengatur IP server yang mau dimainkan",
            "example": "/setip play.claritynetwork.net",
            "status": true
        },
        {
            "name": "/setver <version>",
            "permission": "member",
            "desc": "Mengatur versi server yang mau dimainkan",
            "example": "/setver 1.20",
            "status": true
        },
        {
            "name": "/setuser <username>",
            "permission": "member",
            "desc": "Mengatur username minecraft",
            "example": "/setuser shenxx",
            "status": true
        },
        {
            "name": "/setrealuser <real_username>",
            "permission": "member",
            "desc": "Mengatur username asli yang dimainkan pada server",
            "example": "/setrealuser Losss",
            "status": true
        },
        {
            "name": "/info",
            "permission": "member",
            "desc": "Menampilkan list Server yang telah dimainkan menggunakan bot ini",
            "example": "/info",
            "status": true
        },
        {
            "name": "/join",
            "permission": "member",
            "desc": "Mulai bermain",
            "example": "/join",
            "status": true
        },
        {
            "name": "/autoreconnect <on/of>",
            "permission": "member",
            "desc": "otomatis join ke server, jika bot dc dari server. Gunakan /autocmd untuk mengatur pesan yang akan dikirim saat join ke Server",
            "example": "/autoreconnect on",
            "status": true
        },
        {
            "name": "/autocmd <msg/cmd>",
            "permission": "member",
            "desc": "mengatur pesan/cmd yang akan dikirim oleh bot ketika join ke server",
            "example": "/autocmd /login passku123",
            "status": true
        },
        {
            "name": "/delautocmd <msg>",
            "permission": "member",
            "desc": "menghapus autocmd yang telah diatur",
            "example": "/delautocmd passku123",
            "status": true
        },
        {
            "name": "/cekautocmd",
            "permission": "member",
            "desc": "menampilkan list autocmd yang telah diatur",
            "example": "/cekautocmd",
            "status": true
        },
        {
            "name": "/update",
            "permission": "member",
            "desc": "menampilkan update terakhir dari minebot",
            "example": "/update",
            "status": true
        },
        {
            "name": "/bugReport <Message>",
            "permission": "member",
            "desc": "Sebuah Command untuk melakukan report apabila terjadi bug atau crash saat user menggunakan Command pada minebot. Laporan tersebut akan dikirim ke developer dan akan segera diatasi",
            "example": "/bugReport bug/crash ketika mengatur versi",
            "status": true
        }
    ],
    "Command InGame": [
        {
            "name": "/automsg <time_in_min>",
            "permission": "member",
            "desc": "Mengirim pesan otomatis secara berulang berdasarkan menit yang telah diatur",
            "example": "/automsg 15",
            "status": true
        },
        {
            "name": "/autoRightClick <time_in_sec>",
            "permission": "member",
            "desc": "right click pada item yang dipegang oleh Bot",
            "example": "/autorightclick 3",
            "status": true
        },
        {
            "name": "/autoLeftClick <time_in_sec>",
            "permission": "member",
            "desc": "left click pada item yang dipegang oleh Bot",
            "example": "/autoleftclick 3",
            "status": true
        },
        {
            "name": "/afkFish <on/of>",
            "permission": "member",
            "desc": "auto fish, pastikan bot memiliki pancingan di inventory",
            "example": "/afkfish on",
            "status": true
        },
        {
            "name": "/afkArcher <on/of>",
            "permission": "member",
            "desc": "auto archer, pastikan bot memiliki busur serta panah dengan enchant infinity di inv",
            "example": "/afkarcher on",
            "status": true
        },
        {
            "name": "/inventory",
            "permission": "member",
            "desc": "menampilkan inventory Bot",
            "example": "/inventory",
            "status": true
        },
        {
            "name": "/health",
            "permission": "member",
            "desc": "menampilkan jumlah health Bot",
            "example": "/health",
            "status": true
        },
        {
            "name": "/exp",
            "permission": "member",
            "desc": "menampilkan jumlah exp Bot",
            "example": "/exp",
            "status": true
        },
        {
            "name": "/chat <on/of>",
            "permission": "member",
            "desc": "menonaktifkan chat agar bot tidak spam.",
            "example": "/chat of",
            "status": true
        },
        {
            "name": "/playerlist",
            "permission": "member",
            "desc": "menampilkan jumlah player yang online di server",
            "example": "/playerlist",
            "status": true
        },
        {
            "name": "/tellme <msg>",
            "permission": "member",
            "desc": "whitelist message yang tetap dikirim di cht saat chat dimatikan",
            "example": "/tellme Balance",
            "status": true
        },
        {
            "name": "/cekTellme",
            "permission": "member",
            "desc": "menampilkan whitelist message yang telah diatur",
            "example": "/cektellme",
            "status": true
        },
        {
            "name": "/delTellme",
            "permission": "member",
            "desc": "menghapus pesan yang ada di whitelist message",
            "example": "/deltellme Balance",
            "status": true
        },
        {
            "name": "/ping",
            "permission": "member",
            "desc": "menampilkan ping Bot",
            "example": "/ping",
            "status": true
        },
        {
            "name": "/dc",
            "permission": "member",
            "desc": "disconnect dari server",
            "example": "/dc",
            "status": true
        }
    ],
    "example": {
        "1": "/chat of",
        "2": "/automsg 1",
        "3": "/setip play.claritynetwork.net",
        "4": "/tellme Only 10 more votes",
        "5": "/playerlist"
    },
    "Note": {
        "1": "tanda < > pada command wajib di isi",
        "2": "tanda ( ) pada command bisa diabaikan",
        "3": "Harap gunakan cmd dengan bijak"
    }
}